Date,Price
01.02.2024,78,7
31.01.2024,81,71
30.01.2024,82,87
29.01.2024,82,4
26.01.2024,83,55
25.01.2024,82,43
24.01.2024,80,04
23.01.2024,79,55
22.01.2024,80,06
19.01.2024,78,56
18.01.2024,79,1
17.01.2024,77,88
16.01.2024,78,29
15.01.2024,78,15
12.01.2024,78,29
11.01.2024,77,41
10.01.2024,76,8
09.01.2024,77,59
08.01.2024,76,12
05.01.2024,78,76
04.01.2024,77,59
03.01.2024,78,25
02.01.2024,75,89
29.12.2023,77,04
28.12.2023,78,39
27.12.2023,79,65
26.12.2023,81,07
22.12.2023,79,07
21.12.2023,79,39
20.12.2023,79,7
19.12.2023,79,23
18.12.2023,77,95
15.12.2023,76,55
14.12.2023,76,61
13.12.2023,74,26
12.12.2023,73,24
11.12.2023,76,03
08.12.2023,75,84
07.12.2023,74,05
06.12.2023,74,3
05.12.2023,77,2
04.12.2023,78,03
01.12.2023,78,88
30.11.2023,82,83
29.11.2023,83,1
28.11.2023,81,68
27.11.2023,79,98
24.11.2023,80,58
23.11.2023,81,42
22.11.2023,81,96
21.11.2023,82,45
20.11.2023,82,32
17.11.2023,80,61
16.11.2023,77,42
15.11.2023,81,18
14.11.2023,82,47
13.11.2023,82,52
10.11.2023,81,43
09.11.2023,80,01
08.11.2023,79,54
07.11.2023,81,61
06.11.2023,85,18
03.11.2023,84,89
02.11.2023,86,85
01.11.2023,84,63
31.10.2023,87,41
30.10.2023,87,45
27.10.2023,90,48
26.10.2023,87,93
25.10.2023,90,13
24.10.2023,88,07
23.10.2023,89,83
20.10.2023,92,16
19.10.2023,92,38
18.10.2023,91,5
17.10.2023,89,9
16.10.2023,89,65
13.10.2023,90,89
12.10.2023,86
11.10.2023,85,82
10.10.2023,87,65
09.10.2023,88,15
06.10.2023,84,58
05.10.2023,84,07
04.10.2023,85,81
03.10.2023,90,92
02.10.2023,90,71
29.09.2023,95,31
28.09.2023,95,38
27.09.2023,96,55
26.09.2023,93,96
25.09.2023,93,29
22.09.2023,93,27
21.09.2023,93,3
20.09.2023,93,53
19.09.2023,94,34
18.09.2023,94,43
15.09.2023,93,93
14.09.2023,93,7
13.09.2023,91,88
12.09.2023,92,06
11.09.2023,90,64
08.09.2023,90,65
07.09.2023,89,92
06.09.2023,90,6
05.09.2023,90,04
04.09.2023,89
01.09.2023,88,55
31.08.2023,86,86
30.08.2023,85,86
29.08.2023,85,49
28.08.2023,84,42
25.08.2023,84,48
24.08.2023,83,36
23.08.2023,83,21
22.08.2023,84,03
21.08.2023,84,46
18.08.2023,84,8
17.08.2023,84,12
16.08.2023,83,45
15.08.2023,84,89
14.08.2023,86,21
11.08.2023,86,81
10.08.2023,86,4
09.08.2023,87,55
08.08.2023,86,17
07.08.2023,85,34
04.08.2023,86,24
03.08.2023,85,14
02.08.2023,83,2
01.08.2023,84,91
31.07.2023,85,56
28.07.2023,84,99
27.07.2023,84,24
26.07.2023,82,92
25.07.2023,83,64
24.07.2023,82,74
21.07.2023,81,07
20.07.2023,79,64
19.07.2023,79,46
18.07.2023,79,63
17.07.2023,78,5
14.07.2023,79,87
13.07.2023,81,36
12.07.2023,80,11
11.07.2023,79,4
10.07.2023,77,69
07.07.2023,78,47
06.07.2023,76,52
05.07.2023,76,65
04.07.2023,76,25
03.07.2023,74,65
30.06.2023,74,9
29.06.2023,74,34
28.06.2023,74,03
27.06.2023,72,26
26.06.2023,74,18
23.06.2023,73,85
22.06.2023,74,14
21.06.2023,77,12
20.06.2023,75,9
19.06.2023,76,09
16.06.2023,76,61
15.06.2023,75,67
14.06.2023,73,2
13.06.2023,74,29
12.06.2023,71,84
09.06.2023,74,79
08.06.2023,75,96
07.06.2023,76,95
06.06.2023,76,29
05.06.2023,76,71
02.06.2023,76,13
01.06.2023,74,28
31.05.2023,72,66
30.05.2023,73,54
29.05.2023,77,07
26.05.2023,76,95
25.05.2023,76,26
24.05.2023,78,36
23.05.2023,76,84
22.05.2023,75,99
19.05.2023,75,58
18.05.2023,75,86
17.05.2023,76,96
16.05.2023,74,91
15.05.2023,75,23
12.05.2023,74,17
11.05.2023,74,98
10.05.2023,76,41
09.05.2023,77,44
08.05.2023,77,01
05.05.2023,75,3
04.05.2023,72,5
03.05.2023,72,33
02.05.2023,75,32
01.05.2023,79,31
28.04.2023,79,54
27.04.2023,78,37
26.04.2023,77,69
25.04.2023,80,77
24.04.2023,82,73
21.04.2023,81,66
20.04.2023,81,1
19.04.2023,83,12
18.04.2023,84,77
17.04.2023,84,76
14.04.2023,86,31
13.04.2023,86,09
12.04.2023,87,33
11.04.2023,85,61
10.04.2023,84,18
06.04.2023,85,12
05.04.2023,84,99
04.04.2023,84,94
03.04.2023,84,93
31.03.2023,79,77
30.03.2023,79,27
29.03.2023,78,28
28.03.2023,78,65
27.03.2023,78,12
24.03.2023,74,99
23.03.2023,75,91
22.03.2023,76,38
21.03.2023,75,03
20.03.2023,73,54
17.03.2023,72,77
16.03.2023,74,29
15.03.2023,73,28
14.03.2023,77,45
13.03.2023,80,77
10.03.2023,82,78
09.03.2023,81,59
08.03.2023,82,66
07.03.2023,83,29
06.03.2023,86,18
03.03.2023,85,83
02.03.2023,84,75
01.03.2023,84,31
28.02.2023,83,89
27.02.2023,82,45
24.02.2023,82,82
23.02.2023,81,95
22.02.2023,80,45
21.02.2023,83,05
20.02.2023,84,07
17.02.2023,83
16.02.2023,85,14
15.02.2023,85,38
14.02.2023,85,58
13.02.2023,86,61
10.02.2023,86,39
09.02.2023,84,5
08.02.2023,85,09
07.02.2023,83,69
06.02.2023,80,99
03.02.2023,79,94
02.02.2023,82,17
01.02.2023,82,84
31.01.2023,84,49
30.01.2023,84,9
27.01.2023,86,66
26.01.2023,87,47
25.01.2023,86,12
24.01.2023,86,13
23.01.2023,88,19
20.01.2023,87,63
19.01.2023,86,16
18.01.2023,84,98
17.01.2023,85,92
16.01.2023,84,46
13.01.2023,85,28
12.01.2023,84,03
11.01.2023,82,67
10.01.2023,80,1
09.01.2023,79,65
06.01.2023,78,57
05.01.2023,78,69
04.01.2023,77,84
03.01.2023,82,1
30.12.2022,85,91
29.12.2022,82,26
28.12.2022,83,26
27.12.2022,84,68
23.12.2022,84,5
22.12.2022,81,67
21.12.2022,82,58
20.12.2022,80,53
19.12.2022,80,14
16.12.2022,79,49
15.12.2022,81,32
14.12.2022,82,75
13.12.2022,80,86
12.12.2022,78,34
09.12.2022,76,6
08.12.2022,76,59
07.12.2022,77,59
06.12.2022,79,67
05.12.2022,82,66
02.12.2022,85,55
01.12.2022,86,88
30.11.2022,85,43
29.11.2022,83,03
28.11.2022,83,19
25.11.2022,83,63
24.11.2022,85,34
23.11.2022,85,41
22.11.2022,88,36
21.11.2022,87,45
18.11.2022,87,62
17.11.2022,89,78
16.11.2022,92,86
15.11.2022,93,86
14.11.2022,93,14
11.11.2022,95,99
10.11.2022,93,67
09.11.2022,92,65
08.11.2022,95,36
07.11.2022,97,92
04.11.2022,98,57
03.11.2022,94,67
02.11.2022,96,16
01.11.2022,94,65
31.10.2022,94,83
28.10.2022,95,77
27.10.2022,96,96
26.10.2022,95,69
25.10.2022,91,74
24.10.2022,91,21
21.10.2022,91,34
20.10.2022,90,45
19.10.2022,90,56
18.10.2022,88,6
17.10.2022,90,18
14.10.2022,90,15
13.10.2022,94,57
12.10.2022,92,45
11.10.2022,94,29
10.10.2022,96,19
07.10.2022,97,92
06.10.2022,94,42
05.10.2022,93,37
04.10.2022,91,8
03.10.2022,88,86
30.09.2022,87,96
29.09.2022,88,49
28.09.2022,89,32
27.09.2022,84,87
26.09.2022,82,86
23.09.2022,85,03
22.09.2022,89,53
21.09.2022,88,8
20.09.2022,89,4
19.09.2022,92
16.09.2022,91,35
15.09.2022,90,84
14.09.2022,94,1
13.09.2022,93,17
12.09.2022,94
09.09.2022,92,84
08.09.2022,88,62
07.09.2022,88
06.09.2022,92,83
05.09.2022,95,74
02.09.2022,93,02
01.09.2022,92,36
31.08.2022,96,49
30.08.2022,97,84
29.08.2022,102,93
26.08.2022,99,01
25.08.2022,98,46
24.08.2022,100,34
23.08.2022,99,17
22.08.2022,95,81
19.08.2022,96,72
18.08.2022,96,59
17.08.2022,93,65
16.08.2022,92,34
15.08.2022,95,1
12.08.2022,98,15
11.08.2022,99,6
10.08.2022,97,4
09.08.2022,96,31
08.08.2022,96,65
05.08.2022,94,92
04.08.2022,94,12
03.08.2022,96,78
02.08.2022,100,54
01.08.2022,100,03
29.07.2022,110,01
28.07.2022,107,14
27.07.2022,106,62
26.07.2022,104,4
25.07.2022,105,15
22.07.2022,103,2
21.07.2022,103,86
20.07.2022,106,92
19.07.2022,107,35
18.07.2022,106,27
15.07.2022,101,16
14.07.2022,99,1
13.07.2022,99,57
12.07.2022,99,49
11.07.2022,107,1
08.07.2022,107,02
07.07.2022,104,65
06.07.2022,100,69
05.07.2022,102,77
04.07.2022,113,5
01.07.2022,111,63
30.06.2022,114,81
29.06.2022,116,26
28.06.2022,117,98
27.06.2022,115,09
24.06.2022,113,12
23.06.2022,110,05
22.06.2022,111,74
21.06.2022,114,65
20.06.2022,114,13
17.06.2022,113,12
16.06.2022,119,81
15.06.2022,118,51
14.06.2022,121,17
13.06.2022,122,27
10.06.2022,122,01
09.06.2022,123,07
08.06.2022,123,58
07.06.2022,120,57
06.06.2022,119,51
03.06.2022,119,72
02.06.2022,117,61
01.06.2022,116,29
31.05.2022,122,84
30.05.2022,121,67
27.05.2022,119,43
26.05.2022,117,4
25.05.2022,114,03
24.05.2022,113,56
23.05.2022,113,42
20.05.2022,112,55
19.05.2022,112,04
18.05.2022,109,11
17.05.2022,111,93
16.05.2022,114,24
13.05.2022,111,55
12.05.2022,107,45
11.05.2022,107,51
10.05.2022,102,46
09.05.2022,105,94
06.05.2022,112,39
05.05.2022,110,9
04.05.2022,110,14
03.05.2022,104,97
02.05.2022,107,58
29.04.2022,109,34
28.04.2022,107,59
27.04.2022,105,32
26.04.2022,104,99
25.04.2022,102,32
22.04.2022,106,65
21.04.2022,108,33
20.04.2022,106,8
19.04.2022,107,25
18.04.2022,113,16
14.04.2022,111,7
13.04.2022,108,78
12.04.2022,104,64
11.04.2022,98,48
08.04.2022,102,78
07.04.2022,100,58
06.04.2022,101,07
05.04.2022,106,64
04.04.2022,107,53
01.04.2022,104,39
31.03.2022,107,91
30.03.2022,113,45
29.03.2022,110,23
28.03.2022,112,48
25.03.2022,120,65
24.03.2022,119,03
23.03.2022,121,6
22.03.2022,115,48
21.03.2022,115,62
18.03.2022,107,93
17.03.2022,106,64
16.03.2022,98,02
15.03.2022,99,91
14.03.2022,106,9
11.03.2022,112,67
10.03.2022,109,33
09.03.2022,111,14
08.03.2022,127,98
07.03.2022,123,21
04.03.2022,118,11
03.03.2022,110,46
02.03.2022,112,93
01.03.2022,104,97
28.02.2022,100,99
25.02.2022,97,93
24.02.2022,99,08
23.02.2022,96,84
22.02.2022,96,84
21.02.2022,95,39
18.02.2022,93,54
17.02.2022,92,97
16.02.2022,94,81
15.02.2022,93,28
14.02.2022,96,48
11.02.2022,94,44
10.02.2022,91,41
09.02.2022,91,55
08.02.2022,90,78
07.02.2022,92,69
04.02.2022,93,27
03.02.2022,91,11
02.02.2022,89,47
01.02.2022,89,16
31.01.2022,91,21
28.01.2022,90,03
27.01.2022,89,34
26.01.2022,89,96
25.01.2022,88,2
24.01.2022,86,27
21.01.2022,87,89
20.01.2022,88,38
19.01.2022,88,44
18.01.2022,87,51
17.01.2022,86,48
14.01.2022,86,06
13.01.2022,84,47
12.01.2022,84,67
11.01.2022,83,72
10.01.2022,80,87
07.01.2022,81,75
06.01.2022,81,99
05.01.2022,80,8
04.01.2022,80
03.01.2022,78,98
31.12.2021,77,78
30.12.2021,79,32
29.12.2021,79,23
28.12.2021,78,94
27.12.2021,78,6
24.12.2021,76,14
23.12.2021,76,85
22.12.2021,75,29
21.12.2021,73,98
20.12.2021,71,52
17.12.2021,73,52
16.12.2021,75,02
15.12.2021,73,88
14.12.2021,73,7
13.12.2021,74,39
10.12.2021,75,15
09.12.2021,74,42
08.12.2021,75,82
07.12.2021,75,44
06.12.2021,73,08
03.12.2021,69,88
02.12.2021,69,67
01.12.2021,68,87
30.11.2021,70,57
29.11.2021,73,44
26.11.2021,72,72
25.11.2021,82,22
24.11.2021,82,25
23.11.2021,82,31
22.11.2021,79,7
19.11.2021,78,89
18.11.2021,81,24
17.11.2021,80,28
16.11.2021,82,43
15.11.2021,82,05
12.11.2021,82,17
11.11.2021,82,87
10.11.2021,82,64
09.11.2021,84,78
08.11.2021,83,43
05.11.2021,82,74
04.11.2021,80,54
03.11.2021,81,99
02.11.2021,84,72
01.11.2021,84,71
29.10.2021,84,38
28.10.2021,84,32
27.10.2021,84,58
26.10.2021,86,4
25.10.2021,85,99
22.10.2021,85,53
21.10.2021,84,61
20.10.2021,85,82
19.10.2021,85,08
18.10.2021,84,33
15.10.2021,84,86
14.10.2021,84
13.10.2021,83,18
12.10.2021,83,42
11.10.2021,83,65
08.10.2021,82,39
07.10.2021,81,95
06.10.2021,81,08
05.10.2021,82,56
04.10.2021,81,26
01.10.2021,79,28
30.09.2021,78,52
29.09.2021,78,64
28.09.2021,79,09
27.09.2021,79,53
24.09.2021,78,09
23.09.2021,77,25
22.09.2021,76,19
21.09.2021,74,36
20.09.2021,73,92
17.09.2021,75,34
16.09.2021,75,67
15.09.2021,75,46
14.09.2021,73,6
13.09.2021,73,51
10.09.2021,72,92
09.09.2021,71,45
08.09.2021,72,6
07.09.2021,71,69
06.09.2021,72,22
03.09.2021,72,61
02.09.2021,73,03
01.09.2021,71,59
31.08.2021,72,99
30.08.2021,73,41
27.08.2021,72,7
26.08.2021,71,07
25.08.2021,72,25
24.08.2021,71,05
23.08.2021,68,75
20.08.2021,65,18
19.08.2021,66,45
18.08.2021,68,23
17.08.2021,69,03
16.08.2021,69,51
13.08.2021,70,59
12.08.2021,71,31
11.08.2021,71,44
10.08.2021,70,63
09.08.2021,69,04
06.08.2021,70,7
05.08.2021,71,29
04.08.2021,70,38
03.08.2021,72,41
02.08.2021,72,89
30.07.2021,76,33
29.07.2021,76,05
28.07.2021,74,74
27.07.2021,74,48
26.07.2021,74,5
23.07.2021,74,1
22.07.2021,73,79
21.07.2021,72,23
20.07.2021,69,35
19.07.2021,68,62
16.07.2021,73,59
15.07.2021,73,47
14.07.2021,74,76
13.07.2021,76,49
12.07.2021,75,16
09.07.2021,75,55
08.07.2021,74,12
07.07.2021,73,43
06.07.2021,74,53
05.07.2021,77,16
02.07.2021,76,17
01.07.2021,75,84
30.06.2021,75,13
29.06.2021,74,76
28.06.2021,74,68
25.06.2021,76,18
24.06.2021,75,56
23.06.2021,75,19
22.06.2021,74,81
21.06.2021,74,9
18.06.2021,73,51
17.06.2021,73,08
16.06.2021,74,39
15.06.2021,73,99
14.06.2021,72,86
11.06.2021,72,69
10.06.2021,72,52
09.06.2021,72,22
08.06.2021,72,22
07.06.2021,71,49
04.06.2021,71,89
03.06.2021,71,31
02.06.2021,71,35
01.06.2021,70,25
31.05.2021,69,32
28.05.2021,69,63
27.05.2021,69,46
26.05.2021,68,87
25.05.2021,68,65
24.05.2021,68,46
21.05.2021,66,44
20.05.2021,65,11
19.05.2021,66,66
18.05.2021,68,71
17.05.2021,69,46
14.05.2021,68,71
13.05.2021,67,05
12.05.2021,69,32
11.05.2021,68,55
10.05.2021,68,32
07.05.2021,68,28
06.05.2021,68,09
05.05.2021,68,96
04.05.2021,68,88
03.05.2021,67,56
30.04.2021,67,25
29.04.2021,68,56
28.04.2021,67,27
27.04.2021,66,42
26.04.2021,65,65
23.04.2021,66,11
22.04.2021,65,4
21.04.2021,65,32
20.04.2021,66,57
19.04.2021,67,05
16.04.2021,66,77
15.04.2021,66,94
14.04.2021,66,58
13.04.2021,63,67
12.04.2021,63,28
09.04.2021,62,95
08.04.2021,63,2
07.04.2021,63,16
06.04.2021,62,74
05.04.2021,62,15
01.04.2021,64,86
31.03.2021,63,54
30.03.2021,64,14
29.03.2021,64,98
26.03.2021,64,57
25.03.2021,61,95
24.03.2021,64,41
23.03.2021,60,79
22.03.2021,64,62
19.03.2021,64,53
18.03.2021,63,28
17.03.2021,68
16.03.2021,68,39
15.03.2021,68,88
12.03.2021,69,22
11.03.2021,69,63
10.03.2021,67,9
09.03.2021,67,52
08.03.2021,68,24
05.03.2021,69,36
04.03.2021,66,74
03.03.2021,64,07
02.03.2021,62,7
01.03.2021,63,69
26.02.2021,66,13
25.02.2021,66,88
24.02.2021,67,04
23.02.2021,65,37
22.02.2021,65,24
19.02.2021,62,91
18.02.2021,63,93
17.02.2021,64,34
16.02.2021,63,35
15.02.2021,63,3
12.02.2021,62,43
11.02.2021,61,14
10.02.2021,61,47
09.02.2021,61,09
08.02.2021,60,56
05.02.2021,59,34
04.02.2021,58,84
03.02.2021,58,46
02.02.2021,57,46
01.02.2021,56,35
29.01.2021,55,88
28.01.2021,55,53
27.01.2021,55,81
26.01.2021,55,91
25.01.2021,55,88
22.01.2021,55,41
21.01.2021,56,1
20.01.2021,56,08
19.01.2021,55,9
18.01.2021,54,75
15.01.2021,55,1
14.01.2021,56,42
13.01.2021,56,06
12.01.2021,56,58
11.01.2021,55,66
08.01.2021,55,99
07.01.2021,54,38
06.01.2021,54,3
05.01.2021,53,6
04.01.2021,51,09
31.12.2020,51,8
30.12.2020,51,34
29.12.2020,51,09
28.12.2020,50,86
24.12.2020,51,29
23.12.2020,51,2
22.12.2020,50,08
21.12.2020,50,91
18.12.2020,52,26
17.12.2020,51,5
16.12.2020,51,08
15.12.2020,50,76
14.12.2020,50,29
11.12.2020,49,97
10.12.2020,50,25
09.12.2020,48,86
08.12.2020,48,84
07.12.2020,48,79
04.12.2020,49,25
03.12.2020,48,71
02.12.2020,48,25
01.12.2020,47,42
30.11.2020,47,59
27.11.2020,48,18
26.11.2020,47,8
25.11.2020,48,61
24.11.2020,47,86
23.11.2020,46,06
20.11.2020,44,96
19.11.2020,44,2
18.11.2020,44,34
17.11.2020,43,75
16.11.2020,43,82
13.11.2020,42,78
12.11.2020,43,53
11.11.2020,43,8
10.11.2020,43,61
09.11.2020,42,4
06.11.2020,39,45
05.11.2020,40,93
04.11.2020,41,23
03.11.2020,39,71
02.11.2020,38,97
30.10.2020,37,46
29.10.2020,37,65
28.10.2020,39,12
27.10.2020,41,2
26.10.2020,40,46
23.10.2020,41,77
22.10.2020,42,46
21.10.2020,41,73
20.10.2020,43,16
19.10.2020,42,62
16.10.2020,42,93
15.10.2020,43,16
14.10.2020,43,32
13.10.2020,42,45
12.10.2020,41,72
09.10.2020,42,85
08.10.2020,43,34
07.10.2020,41,99
06.10.2020,42,65
05.10.2020,41,29
02.10.2020,39,27
01.10.2020,40,93
30.09.2020,40,95
29.09.2020,41,03
28.09.2020,42,43
25.09.2020,41,92
24.09.2020,41,94
23.09.2020,41,77
22.09.2020,41,72
21.09.2020,41,44
18.09.2020,43,15
17.09.2020,43,3
16.09.2020,42,22
15.09.2020,40,53
14.09.2020,39,61
11.09.2020,39,83
10.09.2020,40,06
09.09.2020,40,79
08.09.2020,39,78
07.09.2020,42,01
04.09.2020,42,66
03.09.2020,44,07
02.09.2020,44,43
01.09.2020,45,58
31.08.2020,45,28
28.08.2020,45,05
27.08.2020,45,09
26.08.2020,45,64
25.08.2020,45,86
24.08.2020,45,13
21.08.2020,44,35
20.08.2020,44,9
19.08.2020,45,37
18.08.2020,45,46
17.08.2020,45,37
14.08.2020,44,8
13.08.2020,44,96
12.08.2020,45,43
11.08.2020,44,5
10.08.2020,44,99
07.08.2020,44,4
06.08.2020,45,09
05.08.2020,45,17
04.08.2020,44,43
03.08.2020,44,15
31.07.2020,43,3
30.07.2020,42,94
29.07.2020,43,75
28.07.2020,43,22
27.07.2020,43,41
24.07.2020,43,34
23.07.2020,43,31
22.07.2020,44,29
21.07.2020,44,32
20.07.2020,43,28
17.07.2020,43,14
16.07.2020,43,37
15.07.2020,43,79
14.07.2020,42,9
13.07.2020,42,72
10.07.2020,43,24
09.07.2020,42,35
08.07.2020,43,29
07.07.2020,43,08
06.07.2020,43,1
03.07.2020,42,8
02.07.2020,43,14
01.07.2020,42,03
30.06.2020,41,15
29.06.2020,41,71
26.06.2020,41,02
25.06.2020,41,05
24.06.2020,40,31
23.06.2020,42,63
22.06.2020,43,08
19.06.2020,42,19
18.06.2020,41,51
17.06.2020,40,71
16.06.2020,40,96
15.06.2020,39,72
12.06.2020,38,73
11.06.2020,38,55
10.06.2020,41,73
09.06.2020,41,18
08.06.2020,40,8
05.06.2020,42,3
04.06.2020,39,99
03.06.2020,39,79
02.06.2020,39,57
01.06.2020,38,32
29.05.2020,35,33
28.05.2020,35,29
27.05.2020,34,74
26.05.2020,36,17
25.05.2020,35,53
22.05.2020,35,13
21.05.2020,36,06
20.05.2020,35,75
19.05.2020,34,65
18.05.2020,34,81
15.05.2020,32,5
14.05.2020,31,13
13.05.2020,29,19
12.05.2020,29,98
11.05.2020,29,63
08.05.2020,30,97
07.05.2020,29,46
06.05.2020,29,72
05.05.2020,30,97
04.05.2020,27,2
01.05.2020,26,44
30.04.2020,25,27
29.04.2020,22,54
28.04.2020,20,46
27.04.2020,19,99
24.04.2020,21,44
23.04.2020,21,33
22.04.2020,20,37
21.04.2020,19,33
20.04.2020,25,57
17.04.2020,28,08
16.04.2020,27,82
15.04.2020,27,69
14.04.2020,29,6
13.04.2020,31,74
09.04.2020,31,48
08.04.2020,32,84
07.04.2020,31,87
06.04.2020,33,05
03.04.2020,34,11
02.04.2020,29,94
01.04.2020,24,74
31.03.2020,22,74
30.03.2020,22,76
27.03.2020,24,93
26.03.2020,26,34
25.03.2020,27,39
24.03.2020,27,15
23.03.2020,27,03
20.03.2020,26,98
19.03.2020,28,47
18.03.2020,24,88
17.03.2020,28,73
16.03.2020,30,05
13.03.2020,33,85
12.03.2020,33,22
11.03.2020,35,79
10.03.2020,37,22
09.03.2020,34,36
06.03.2020,45,27
05.03.2020,49,99
04.03.2020,51,13
03.03.2020,51,86
02.03.2020,51,9
28.02.2020,50,52
27.02.2020,52,18
26.02.2020,53,43
25.02.2020,54,95
24.02.2020,56,3
21.02.2020,58,5
20.02.2020,59,31
19.02.2020,59,12
18.02.2020,57,75
17.02.2020,57,67
14.02.2020,57,32
13.02.2020,56,34
12.02.2020,55,79
11.02.2020,54,01
10.02.2020,53,27
07.02.2020,54,47
06.02.2020,54,93
05.02.2020,55,28
04.02.2020,53,96
03.02.2020,54,45
31.01.2020,58,16
30.01.2020,58,29
29.01.2020,59,81
28.01.2020,59,51
27.01.2020,59,32
24.01.2020,60,69
23.01.2020,62,04
22.01.2020,63,21
21.01.2020,64,59
20.01.2020,65,2
17.01.2020,64,85
16.01.2020,64,62
15.01.2020,64
14.01.2020,64,49
13.01.2020,64,2
10.01.2020,64,98
09.01.2020,65,37
08.01.2020,65,44
07.01.2020,68,27
06.01.2020,68,91
03.01.2020,68,6
02.01.2020,66,25
31.12.2019,66
30.12.2019,68,44
27.12.2019,68,16
26.12.2019,67,92
24.12.2019,67,2
23.12.2019,66,39
20.12.2019,66,14
19.12.2019,66,54
18.12.2019,66,17
17.12.2019,66,1
16.12.2019,65,34
13.12.2019,65,22
12.12.2019,64,2
11.12.2019,63,72
10.12.2019,64,34
09.12.2019,64,25
06.12.2019,64,39
05.12.2019,63,39
04.12.2019,63
03.12.2019,60,82
02.12.2019,60,92
29.11.2019,62,43
28.11.2019,63,87
27.11.2019,64,06
26.11.2019,64,27
25.11.2019,63,65
22.11.2019,63,39
21.11.2019,63,97
20.11.2019,62,4
19.11.2019,60,91
18.11.2019,62,44
15.11.2019,63,3
14.11.2019,62,28
13.11.2019,62,37
12.11.2019,62,06
11.11.2019,62,18
08.11.2019,62,51
07.11.2019,62,29
06.11.2019,61,74
05.11.2019,62,96
04.11.2019,62,13
01.11.2019,61,69
31.10.2019,60,23
30.10.2019,60,61
29.10.2019,61,59
28.10.2019,61,57
25.10.2019,62,02
24.10.2019,61,67
23.10.2019,61,17
22.10.2019,59,7
21.10.2019,58,96
18.10.2019,59,42
17.10.2019,59,91
16.10.2019,59,42
15.10.2019,58,74
14.10.2019,59,35
11.10.2019,60,51
10.10.2019,59,1
09.10.2019,58,32
08.10.2019,58,24
07.10.2019,58,35
04.10.2019,58,37
03.10.2019,57,71
02.10.2019,57,69
01.10.2019,58,89
30.09.2019,60,78
27.09.2019,61,91
26.09.2019,62,74
25.09.2019,62,39
24.09.2019,63,1
23.09.2019,64,77
20.09.2019,64,28
19.09.2019,64,4
18.09.2019,63,6
17.09.2019,64,55
16.09.2019,69,02
13.09.2019,60,22
12.09.2019,60,38
11.09.2019,60,81
10.09.2019,62,38
09.09.2019,62,59
06.09.2019,61,54
05.09.2019,60,95
04.09.2019,60,7
03.09.2019,58,26
02.09.2019,58,66
30.08.2019,60,43
29.08.2019,61,08
28.08.2019,60,49
27.08.2019,59,51
26.08.2019,58,7
23.08.2019,59,34
22.08.2019,59,92
21.08.2019,60,3
20.08.2019,60,03
19.08.2019,59,74
16.08.2019,58,64
15.08.2019,58,23
14.08.2019,59,48
13.08.2019,61,3
12.08.2019,58,57
09.08.2019,58,53
08.08.2019,57,38
07.08.2019,56,23
06.08.2019,58,94
05.08.2019,59,81
02.08.2019,61,89
01.08.2019,60,5
31.07.2019,65,17
30.07.2019,64,72
29.07.2019,63,71
26.07.2019,63,46
25.07.2019,63,39
24.07.2019,63,18
23.07.2019,63,83
22.07.2019,63,26
19.07.2019,62,47
18.07.2019,61,93
17.07.2019,63,66
16.07.2019,64,35
15.07.2019,66,48
12.07.2019,66,72
11.07.2019,66,52
10.07.2019,67,01
09.07.2019,64,16
08.07.2019,64,11
05.07.2019,64,23
04.07.2019,63,3
03.07.2019,63,82
02.07.2019,62,4
01.07.2019,65,06
28.06.2019,66,55
27.06.2019,66,55
26.06.2019,66,49
25.06.2019,65,05
24.06.2019,64,86
21.06.2019,65,2
20.06.2019,64,45
19.06.2019,61,82
18.06.2019,62,14
17.06.2019,60,94
14.06.2019,62,01
13.06.2019,61,31
12.06.2019,59,97
11.06.2019,62,29
10.06.2019,62,29
07.06.2019,63,29
06.06.2019,61,67
05.06.2019,60,63
04.06.2019,61,97
03.06.2019,61,28
31.05.2019,64,49
30.05.2019,66,87
29.05.2019,69,45
28.05.2019,70,11
27.05.2019,70,11
24.05.2019,68,69
23.05.2019,67,76
22.05.2019,70,99
21.05.2019,72,18
20.05.2019,71,97
17.05.2019,72,21
16.05.2019,72,62
15.05.2019,71,77
14.05.2019,71,24
13.05.2019,70,23
10.05.2019,70,62
09.05.2019,70,39
08.05.2019,70,37
07.05.2019,69,88
06.05.2019,71,24
03.05.2019,70,85
02.05.2019,70,75
01.05.2019,72,18
30.04.2019,72,8
29.04.2019,72,04
26.04.2019,72,15
25.04.2019,74,35
24.04.2019,74,57
23.04.2019,74,51
22.04.2019,74,04
18.04.2019,71,97
17.04.2019,71,62
16.04.2019,71,72
15.04.2019,71,18
12.04.2019,71,55
11.04.2019,70,83
10.04.2019,71,73
09.04.2019,70,61
08.04.2019,71,1
05.04.2019,70,34
04.04.2019,69,4
03.04.2019,69,31
02.04.2019,69,37
01.04.2019,69,01
29.03.2019,68,39
28.03.2019,67,82
27.03.2019,67,83
26.03.2019,67,97
25.03.2019,67,21
22.03.2019,67,03
21.03.2019,67,86
20.03.2019,68,5
19.03.2019,67,61
18.03.2019,67,54
15.03.2019,67,16
14.03.2019,67,23
13.03.2019,67,55
12.03.2019,66,67
11.03.2019,66,58
08.03.2019,65,74
07.03.2019,66,3
06.03.2019,65,99
05.03.2019,65,86
04.03.2019,65,67
01.03.2019,65,07
28.02.2019,66,03
27.02.2019,66,39
26.02.2019,65,21
25.02.2019,64,76
22.02.2019,67,12
21.02.2019,67,07
20.02.2019,67,08
19.02.2019,66,45
18.02.2019,66,5
15.02.2019,66,25
14.02.2019,64,57
13.02.2019,63,61
12.02.2019,62,42
11.02.2019,61,51
08.02.2019,62,1
07.02.2019,61,63
06.02.2019,62,69
05.02.2019,61,98
04.02.2019,62,51
01.02.2019,62,75
31.01.2019,61,89
30.01.2019,61,65
29.01.2019,61,32
28.01.2019,59,93
25.01.2019,61,64
24.01.2019,61,09
23.01.2019,61,14
22.01.2019,61,5
21.01.2019,62,74
18.01.2019,62,7
17.01.2019,61,18
16.01.2019,61,32
15.01.2019,60,64
14.01.2019,58,99
11.01.2019,60,48
10.01.2019,61,68
09.01.2019,61,44
08.01.2019,58,72
07.01.2019,57,33
04.01.2019,57,06
03.01.2019,55,95
02.01.2019,54,91
31.12.2018,53,8
28.12.2018,52,2
27.12.2018,52,16
26.12.2018,54,47
24.12.2018,50,47
21.12.2018,53,82
20.12.2018,54,35
19.12.2018,57,24
18.12.2018,56,26
17.12.2018,59,61
14.12.2018,60,28
13.12.2018,61,45
12.12.2018,60,15
11.12.2018,60,2
10.12.2018,59,97
07.12.2018,61,67
06.12.2018,60,06
05.12.2018,61,56
04.12.2018,62,08
03.12.2018,61,69
30.11.2018,58,71
29.11.2018,59,51
28.11.2018,58,76
27.11.2018,60,21
26.11.2018,60,48
23.11.2018,58,8
22.11.2018,62,6
21.11.2018,63,48
20.11.2018,62,53
19.11.2018,66,79
16.11.2018,66,76
15.11.2018,66,62
14.11.2018,66,12
13.11.2018,65,47
12.11.2018,70,12
09.11.2018,70,18
08.11.2018,70,65
07.11.2018,72,07
06.11.2018,72,13
05.11.2018,73,17
02.11.2018,72,83
01.11.2018,72,89
31.10.2018,75,47
30.10.2018,75,91
29.10.2018,77,34
26.10.2018,77,62
25.10.2018,76,89
24.10.2018,76,17
23.10.2018,76,44
22.10.2018,79,83
19.10.2018,79,78
18.10.2018,79,29
17.10.2018,80,05
16.10.2018,81,41
15.10.2018,80,78
12.10.2018,80,43
11.10.2018,80,26
10.10.2018,83,09
09.10.2018,85
08.10.2018,83,91
05.10.2018,84,16
04.10.2018,84,58
03.10.2018,86,29
02.10.2018,84,8
01.10.2018,84,98
28.09.2018,82,72
27.09.2018,81,72
26.09.2018,81,34
25.09.2018,81,87
24.09.2018,81,2
21.09.2018,78,8
20.09.2018,78,7
19.09.2018,79,4
18.09.2018,79,03
17.09.2018,78,05
14.09.2018,78,09
13.09.2018,78,18
12.09.2018,79,74
11.09.2018,79,06
10.09.2018,77,37
07.09.2018,76,83
06.09.2018,76,5
05.09.2018,77,27
04.09.2018,78,17
03.09.2018,78,15
31.08.2018,77,42
30.08.2018,77,77
29.08.2018,77,14
28.08.2018,75,95
27.08.2018,76,21
24.08.2018,75,82
23.08.2018,74,73
22.08.2018,74,78
21.08.2018,72,63
20.08.2018,72,21
17.08.2018,71,83
16.08.2018,71,43
15.08.2018,70,76
14.08.2018,72,46
13.08.2018,72,61
10.08.2018,72,81
09.08.2018,72,07
08.08.2018,72,28
07.08.2018,74,65
06.08.2018,73,75
03.08.2018,73,21
02.08.2018,73,45
01.08.2018,72,39
31.07.2018,74,25
30.07.2018,74,97
27.07.2018,74,29
26.07.2018,74,54
25.07.2018,73,93
24.07.2018,73,44
23.07.2018,73,06
20.07.2018,73,07
19.07.2018,72,58
18.07.2018,72,9
17.07.2018,72,16
16.07.2018,71,84
13.07.2018,75,33
12.07.2018,74,45
11.07.2018,73,4
10.07.2018,78,86
09.07.2018,78,07
06.07.2018,77,11
05.07.2018,77,39
04.07.2018,78,24
03.07.2018,77,76
02.07.2018,77,3
29.06.2018,79,44
28.06.2018,77,85
27.06.2018,77,62
26.06.2018,76,31
25.06.2018,74,73
22.06.2018,75,55
21.06.2018,73,05
20.06.2018,74,74
19.06.2018,75,08
18.06.2018,75,34
15.06.2018,73,44
14.06.2018,75,94
13.06.2018,76,74
12.06.2018,75,88
11.06.2018,76,46
08.06.2018,76,46
07.06.2018,77,32
06.06.2018,75,36
05.06.2018,75,38
04.06.2018,75,29
01.06.2018,76,79
31.05.2018,77,59
30.05.2018,77,5
29.05.2018,75,39
28.05.2018,75,3
25.05.2018,76,44
24.05.2018,78,79
23.05.2018,79,8
22.05.2018,79,57
21.05.2018,79,22
18.05.2018,78,51
17.05.2018,79,3
16.05.2018,79,28
15.05.2018,78,43
14.05.2018,78,23
11.05.2018,77,12
10.05.2018,77,47
09.05.2018,77,21
08.05.2018,74,85
07.05.2018,76,17
04.05.2018,74,87
03.05.2018,73,62
02.05.2018,73,36
01.05.2018,73,13
30.04.2018,75,17
27.04.2018,74,64
26.04.2018,74,74
25.04.2018,74
24.04.2018,73,86
23.04.2018,74,71
20.04.2018,74,06
19.04.2018,73,78
18.04.2018,73,48
17.04.2018,71,58
16.04.2018,71,42
13.04.2018,72,58
12.04.2018,72,02
11.04.2018,72,06
10.04.2018,71,04
09.04.2018,68,65
06.04.2018,67,11
05.04.2018,68,33
04.04.2018,68,02
03.04.2018,68,12
02.04.2018,67,64
29.03.2018,70,27
28.03.2018,69,53
27.03.2018,70,11
26.03.2018,70,12
23.03.2018,70,45
22.03.2018,68,91
21.03.2018,69,47
20.03.2018,67,42
19.03.2018,66,05
16.03.2018,66,21
15.03.2018,65,12
14.03.2018,64,89
13.03.2018,64,64
12.03.2018,64,95
09.03.2018,65,49
08.03.2018,63,61
07.03.2018,64,34
06.03.2018,65,79
05.03.2018,65,54
02.03.2018,64,37
01.03.2018,63,83
28.02.2018,65,78
27.02.2018,66,63
26.02.2018,67,5
23.02.2018,67,31
22.02.2018,66,39
21.02.2018,65,42
20.02.2018,65,25
19.02.2018,65,67
16.02.2018,64,84
15.02.2018,64,33
14.02.2018,64,36
13.02.2018,62,72
12.02.2018,62,59
09.02.2018,62,79
08.02.2018,64,81
07.02.2018,65,51
06.02.2018,66,86
05.02.2018,67,62
02.02.2018,68,58
01.02.2018,69,65
31.01.2018,69,05
30.01.2018,69,02
29.01.2018,69,46
26.01.2018,70,52
25.01.2018,70,42
24.01.2018,70,53
23.01.2018,69,96
22.01.2018,69,03
19.01.2018,68,61
18.01.2018,69,31
17.01.2018,69,38
16.01.2018,69,15
15.01.2018,70,26
12.01.2018,69,87
11.01.2018,69,26
10.01.2018,69,2
09.01.2018,68,82
08.01.2018,67,78
05.01.2018,67,62
04.01.2018,68,07
03.01.2018,67,84
02.01.2018,66,57
29.12.2017,66,87
28.12.2017,66,72
27.12.2017,66,44
26.12.2017,67,02
22.12.2017,65,25
21.12.2017,64,9
20.12.2017,64,56
19.12.2017,63,8
18.12.2017,63,41
15.12.2017,63,23
14.12.2017,63,31
13.12.2017,62,44
12.12.2017,63,34
11.12.2017,64,69
08.12.2017,63,4
07.12.2017,62,2
06.12.2017,61,22
05.12.2017,62,86
04.12.2017,62,45
01.12.2017,63,73
30.11.2017,63,57
29.11.2017,63,11
28.11.2017,63,61
27.11.2017,63,84
24.11.2017,63,86
23.11.2017,63,55
22.11.2017,63,32
21.11.2017,62,57
20.11.2017,62,22
17.11.2017,62,72
16.11.2017,61,36
15.11.2017,61,87
14.11.2017,62,21
13.11.2017,63,16
10.11.2017,63,52
09.11.2017,63,93
08.11.2017,63,49
07.11.2017,63,69
06.11.2017,64,27
03.11.2017,62,07
02.11.2017,60,62
01.11.2017,60,49
31.10.2017,61,37
30.10.2017,60,9
27.10.2017,60,44
26.10.2017,59,3
25.10.2017,58,44
24.10.2017,58,33
23.10.2017,57,37
20.10.2017,57,75
19.10.2017,57,23
18.10.2017,58,15
17.10.2017,57,88
16.10.2017,57,82
13.10.2017,57,17
12.10.2017,56,25
11.10.2017,56,94
10.10.2017,56,61
09.10.2017,55,79
06.10.2017,55,62
05.10.2017,57
04.10.2017,55,8
03.10.2017,56
02.10.2017,56,12
29.09.2017,57,54
28.09.2017,57,41
27.09.2017,57,9
26.09.2017,58,44
25.09.2017,59,02
22.09.2017,56,86
21.09.2017,56,43
20.09.2017,56,29
19.09.2017,55,14
18.09.2017,55,48
15.09.2017,55,62
14.09.2017,55,47
13.09.2017,55,16
12.09.2017,54,27
11.09.2017,53,84
08.09.2017,53,78
07.09.2017,54,49
06.09.2017,54,2
05.09.2017,53,38
04.09.2017,52,34
01.09.2017,52,75
31.08.2017,52,38
30.08.2017,50,86
29.08.2017,52
28.08.2017,51,89
25.08.2017,52,41
24.08.2017,52,04
23.08.2017,52,57
22.08.2017,51,87
21.08.2017,51,66
18.08.2017,52,72
17.08.2017,51,03
16.08.2017,50,27
15.08.2017,50,8
14.08.2017,50,73
11.08.2017,52,1
10.08.2017,51,9
09.08.2017,52,7
08.08.2017,52,14
07.08.2017,52,37
04.08.2017,52,42
03.08.2017,52,01
02.08.2017,52,36
01.08.2017,51,78
31.07.2017,52,65
28.07.2017,52,52
27.07.2017,51,49
26.07.2017,50,97
25.07.2017,50,2
24.07.2017,48,6
21.07.2017,48,06
20.07.2017,49,3
19.07.2017,49,7
18.07.2017,48,84
17.07.2017,48,42
14.07.2017,48,91
13.07.2017,48,42
12.07.2017,47,74
11.07.2017,47,52
10.07.2017,46,88
07.07.2017,46,71
06.07.2017,48,11
05.07.2017,47,79
04.07.2017,49,61
03.07.2017,49,68
30.06.2017,47,92
29.06.2017,47,42
28.06.2017,47,31
27.06.2017,46,65
26.06.2017,45,83
23.06.2017,45,54
22.06.2017,45,22
21.06.2017,44,82
20.06.2017,46,02
19.06.2017,46,91
16.06.2017,47,37
15.06.2017,46,92
14.06.2017,47
13.06.2017,48,72
12.06.2017,48,29
09.06.2017,48,15
08.06.2017,47,86
07.06.2017,48,06
06.06.2017,50,12
05.06.2017,49,47
02.06.2017,49,95
01.06.2017,50,63
31.05.2017,50,31
30.05.2017,51,84
29.05.2017,52,29
26.05.2017,52,15
25.05.2017,51,46
24.05.2017,53,96
23.05.2017,54,15
22.05.2017,53,87
19.05.2017,53,61
18.05.2017,52,51
17.05.2017,52,21
16.05.2017,51,65
15.05.2017,51,82
12.05.2017,50,84
11.05.2017,50,77
10.05.2017,50,22
09.05.2017,48,73
08.05.2017,49,34
05.05.2017,49,1
04.05.2017,48,38
03.05.2017,50,79
02.05.2017,50,46
01.05.2017,51,52
28.04.2017,51,73
27.04.2017,51,44
26.04.2017,51,82
25.04.2017,52,1
24.04.2017,51,6
21.04.2017,51,96
20.04.2017,52,99
19.04.2017,52,93
18.04.2017,54,89
17.04.2017,55,36
13.04.2017,55,89
12.04.2017,55,86
11.04.2017,56,23
10.04.2017,55,98
07.04.2017,55,24
06.04.2017,54,89
05.04.2017,54,36
04.04.2017,54,17
03.04.2017,53,12
31.03.2017,52,83
30.03.2017,52,96
29.03.2017,52,42
28.03.2017,51,33
27.03.2017,50,75
24.03.2017,50,8
23.03.2017,50,56
22.03.2017,50,64
21.03.2017,50,96
20.03.2017,51,62
17.03.2017,51,76
16.03.2017,51,74
15.03.2017,51,81
14.03.2017,50,92
13.03.2017,51,35
10.03.2017,51,37
09.03.2017,52,19
08.03.2017,53,11
07.03.2017,55,92
06.03.2017,56,01
03.03.2017,55,9
02.03.2017,55,08
01.03.2017,56,36
28.02.2017,55,59
27.02.2017,55,93
24.02.2017,55,99
23.02.2017,56,58
22.02.2017,55,84
21.02.2017,56,66
20.02.2017,56,18
17.02.2017,55,81
16.02.2017,55,65
15.02.2017,55,75
14.02.2017,55,97
13.02.2017,55,59
10.02.2017,56,7
09.02.2017,55,63
08.02.2017,55,12
07.02.2017,55,05
06.02.2017,55,72
03.02.2017,56,81
02.02.2017,56,56
01.02.2017,56,8
31.01.2017,55,7
30.01.2017,55,23
27.01.2017,55,52
26.01.2017,56,24
25.01.2017,55,08
24.01.2017,55,44
23.01.2017,55,23
20.01.2017,55,49
19.01.2017,54,16
18.01.2017,53,92
17.01.2017,55,47
16.01.2017,55,86
13.01.2017,55,45
12.01.2017,56,01
11.01.2017,55,1
10.01.2017,53,64
09.01.2017,54,94
06.01.2017,57,1
05.01.2017,56,89
04.01.2017,56,46
03.01.2017,55,47
02.01.2017,56,82
30.12.2016,56,82
29.12.2016,56,14
28.12.2016,56,22
27.12.2016,56,09
23.12.2016,55,16
22.12.2016,55,05
21.12.2016,54,46
20.12.2016,55,35
19.12.2016,54,92
16.12.2016,55,21
15.12.2016,54,02
14.12.2016,53,9
13.12.2016,55,72
12.12.2016,55,69
09.12.2016,54,33
08.12.2016,53,89
07.12.2016,53
06.12.2016,53,93
05.12.2016,54,94
02.12.2016,54,46
01.12.2016,53,94
30.11.2016,50,47
29.11.2016,46,38
28.11.2016,48,24
25.11.2016,47,24
24.11.2016,49
23.11.2016,48,95
22.11.2016,49,12
21.11.2016,48,9
18.11.2016,46,86
17.11.2016,46,49
16.11.2016,46,63
15.11.2016,46,95
14.11.2016,44,43
11.11.2016,44,75
10.11.2016,45,84
09.11.2016,46,36
08.11.2016,46,04
07.11.2016,46,15
04.11.2016,45,58
03.11.2016,46,35
02.11.2016,46,86
01.11.2016,48,14
31.10.2016,48,3
28.10.2016,49,71
27.10.2016,50,47
26.10.2016,49,98
25.10.2016,50,79
24.10.2016,51,46
21.10.2016,51,78
20.10.2016,51,38
19.10.2016,52,67
18.10.2016,51,68
17.10.2016,51,52
14.10.2016,51,95
13.10.2016,52,03
12.10.2016,51,81
11.10.2016,52,41
10.10.2016,53,14
07.10.2016,51,93
06.10.2016,52,51
05.10.2016,51,86
04.10.2016,50,87
03.10.2016,50,89
30.09.2016,49,06
29.09.2016,49,24
28.09.2016,48,69
27.09.2016,45,97
26.09.2016,47,35
23.09.2016,45,89
22.09.2016,47,65
21.09.2016,46,83
20.09.2016,45,88
19.09.2016,45,95
16.09.2016,45,77
15.09.2016,46,59
14.09.2016,45,85
13.09.2016,47,1
12.09.2016,48,32
09.09.2016,48,01
08.09.2016,49,99
07.09.2016,47,98
06.09.2016,47,26
05.09.2016,47,63
02.09.2016,46,83
01.09.2016,45,45
31.08.2016,47,04
30.08.2016,48,37
29.08.2016,49,26
26.08.2016,49,92
25.08.2016,49,67
24.08.2016,49,05
23.08.2016,49,96
22.08.2016,49,16
19.08.2016,50,88
18.08.2016,50,89
17.08.2016,49,85
16.08.2016,49,23
15.08.2016,48,35
12.08.2016,46,97
11.08.2016,46,04
10.08.2016,44,05
09.08.2016,44,98
08.08.2016,45,39
05.08.2016,44,27
04.08.2016,44,29
03.08.2016,43,1
02.08.2016,41,8
01.08.2016,42,14
29.07.2016,42,46
28.07.2016,42,7
27.07.2016,43,47
26.07.2016,44,87
25.07.2016,44,72
22.07.2016,45,69
21.07.2016,46,2
20.07.2016,47,17
19.07.2016,46,66
18.07.2016,46,96
15.07.2016,47,61
14.07.2016,47,37
13.07.2016,46,26
12.07.2016,48,47
11.07.2016,46,25
08.07.2016,46,76
07.07.2016,46,4
06.07.2016,48,8
05.07.2016,47,96
04.07.2016,50,1
01.07.2016,50,35
30.06.2016,49,68
29.06.2016,50,61
28.06.2016,48,58
27.06.2016,47,16
24.06.2016,48,41
23.06.2016,50,91
22.06.2016,49,88
21.06.2016,50,62
20.06.2016,50,65
17.06.2016,49,17
16.06.2016,47,19
15.06.2016,48,97
14.06.2016,49,83
13.06.2016,50,35
10.06.2016,50,54
09.06.2016,51,95
08.06.2016,52,51
07.06.2016,51,44
06.06.2016,50,55
03.06.2016,49,64
02.06.2016,50,04
01.06.2016,49,72
31.05.2016,49,69
30.05.2016,49,76
27.05.2016,49,32
26.05.2016,49,59
25.05.2016,49,74
24.05.2016,48,61
23.05.2016,48,35
20.05.2016,48,72
19.05.2016,48,81
18.05.2016,48,93
17.05.2016,49,28
16.05.2016,48,97
13.05.2016,47,83
12.05.2016,48,08
11.05.2016,47,6
10.05.2016,45,52
09.05.2016,43,63
06.05.2016,45,37
05.05.2016,45,01
04.05.2016,44,62
03.05.2016,44,97
02.05.2016,45,83
29.04.2016,48,13
28.04.2016,48,14
27.04.2016,47,18
26.04.2016,45,74
25.04.2016,44,48
22.04.2016,45,11
21.04.2016,44,53
20.04.2016,45,8
19.04.2016,44,03
18.04.2016,42,91
15.04.2016,43,1
14.04.2016,43,84
13.04.2016,44,18
12.04.2016,44,69
11.04.2016,42,83
08.04.2016,41,94
07.04.2016,39,43
06.04.2016,39,84
05.04.2016,37,87
04.04.2016,37,69
01.04.2016,38,67
31.03.2016,39,6
30.03.2016,39,26
29.03.2016,39,14
28.03.2016,40,27
24.03.2016,40,44
23.03.2016,40,47
22.03.2016,41,79
21.03.2016,41,54
18.03.2016,41,2
17.03.2016,41,54
16.03.2016,40,33
15.03.2016,38,74
14.03.2016,39,53
11.03.2016,40,39
10.03.2016,40,05
09.03.2016,41,07
08.03.2016,39,65
07.03.2016,40,84
04.03.2016,38,72
03.03.2016,37,07
02.03.2016,36,93
01.03.2016,36,81
29.02.2016,35,97
26.02.2016,35,1
25.02.2016,35,29
24.02.2016,34,41
23.02.2016,33,27
22.02.2016,34,69
19.02.2016,33,01
18.02.2016,34,28
17.02.2016,34,5
16.02.2016,32,18
15.02.2016,33,39
12.02.2016,33,36
11.02.2016,30,06
10.02.2016,30,84
09.02.2016,30,32
08.02.2016,32,88
05.02.2016,34,06
04.02.2016,34,46
03.02.2016,35,04
02.02.2016,32,72
01.02.2016,34,24
29.01.2016,34,74
28.01.2016,33,89
27.01.2016,33,1
26.01.2016,31,8
25.01.2016,30,5
22.01.2016,32,18
21.01.2016,29,25
20.01.2016,27,88
19.01.2016,28,76
18.01.2016,28,55
15.01.2016,28,94
14.01.2016,31,03
13.01.2016,30,31
12.01.2016,30,86
11.01.2016,31,55
